11/11/2020 18:33:55;271448
11/11/2020 18:34:05;249104
11/11/2020 18:34:10;270224
11/11/2020 18:34:15;270768
11/11/2020 18:34:20;271200
11/11/2020 18:34:25;271328
11/11/2020 18:34:30;271328
11/11/2020 18:34:35;271328
11/11/2020 18:34:40;271328
11/11/2020 18:34:45;271328
11/11/2020 18:34:50;271328
11/11/2020 18:34:55;271328
11/11/2020 18:35:00;271328
11/11/2020 18:35:05;271328
11/11/2020 18:35:10;271328
11/11/2020 18:35:15;271408
11/11/2020 18:35:20;271408
11/11/2020 18:35:25;271488
11/11/2020 18:35:30;271488
11/11/2020 18:35:35;271488
11/11/2020 18:35:40;271488
11/11/2020 18:35:45;271488
11/11/2020 18:35:50;271488
11/11/2020 18:35:55;271568
11/11/2020 18:36:00;271568
11/11/2020 18:36:05;271568
11/11/2020 18:36:10;271568
11/11/2020 18:36:15;271568
11/11/2020 18:36:20;271568
11/11/2020 18:36:25;271568
11/11/2020 18:36:30;271568
11/11/2020 18:36:35;271760
11/11/2020 18:36:40;272160
11/11/2020 18:36:45;272288
11/11/2020 18:36:50;271632
11/11/2020 18:36:55;270952
11/11/2020 18:37:00;270952
11/11/2020 18:37:05;271280
11/11/2020 18:37:10;271408
11/11/2020 18:37:15;271320
11/11/2020 18:37:20;271320
11/11/2020 18:37:25;272656
11/11/2020 18:37:30;272656
11/11/2020 18:37:35;272376
11/11/2020 18:37:40;272376
11/11/2020 18:37:45;272200
11/11/2020 18:37:50;272744
11/11/2020 18:37:55;272656
11/11/2020 18:38:00;272376
11/11/2020 18:38:05;272376
11/11/2020 18:38:10;272376
11/11/2020 18:38:15;272376
11/11/2020 18:38:20;272008
11/11/2020 18:38:25;272008
11/11/2020 18:38:30;272200
11/11/2020 18:38:35;272656
11/11/2020 18:38:40;272656
11/11/2020 18:38:45;272376
11/11/2020 18:38:50;280568
11/11/2020 18:38:55;272376
11/11/2020 18:39:00;272400
11/11/2020 18:39:05;272400
11/11/2020 18:39:10;272400
11/11/2020 18:39:15;272400
11/11/2020 18:39:20;272400
11/11/2020 18:39:25;272400
11/11/2020 18:39:30;272400
11/11/2020 18:39:35;272032
11/11/2020 18:39:40;272224
11/11/2020 18:39:45;272400
11/11/2020 18:39:50;272400
11/11/2020 18:39:55;272400
11/11/2020 18:40:00;272008
11/11/2020 18:40:05;272008
11/11/2020 18:40:10;272008
11/11/2020 18:40:15;272008
11/11/2020 18:40:20;272008
11/11/2020 18:40:25;272008
11/11/2020 18:40:30;272008
11/11/2020 18:40:35;272008
11/11/2020 18:40:40;272200
11/11/2020 18:40:45;272376
11/11/2020 18:40:50;272376
11/11/2020 18:40:55;272376
11/11/2020 18:41:00;272376
11/11/2020 18:41:05;272376
11/11/2020 18:41:10;272376
11/11/2020 18:41:15;272376
11/11/2020 18:41:20;272376
11/11/2020 18:41:25;272376
11/11/2020 18:41:30;272200
11/11/2020 18:41:35;272376
11/11/2020 18:41:40;272376
11/11/2020 18:41:45;272376
11/11/2020 18:41:50;272376
11/11/2020 18:41:55;272376
11/11/2020 18:42:00;272376
11/11/2020 18:42:05;272376
11/11/2020 18:42:10;272376
11/11/2020 18:42:15;272008
11/11/2020 18:42:20;272008
11/11/2020 18:42:25;272008
11/11/2020 18:42:30;272008
11/11/2020 18:42:35;272008
11/11/2020 18:42:40;272008
